Condition,Amount,GFP
E484D,10,9.42
E484D,10,9.12
E484D,10,8.47
E484D,10,7.78
E484D,10,10.3
E484D,10,9
E484D,30,22.4
E484D,30,20.4
E484D,30,25
E484D,30,26.7
E484D,30,30.7
E484D,30,23.3
R682W,10,30.9
R682W,10,27.7
R682W,10,30.3
R682W,10,30.8
R682W,10,29.7
R682W,10,29.3
R682W,30,62.3
R682W,30,64.4
R682W,30,64.1
R682W,30,63.4
R682W,30,60.5
R682W,30,61.8
WT,10,9.16
WT,10,7.78
WT,10,7.55
WT,10,7.53
WT,10,0.98
WT,10,9
WT,30,21.2
WT,30,20.6
WT,30,21.1
WT,30,23.1
WT,30,20.9
WT,30,23.3
E484D/R682W,10,26.4
E484D/R682W,10,27.4
E484D/R682W,10,27.8
E484D/R682W,10,32
E484D/R682W,10,30.7
E484D/R682W,10,29.2
E484D/R682W,30,55.6
E484D/R682W,30,60.2
E484D/R682W,30,61.5
E484D/R682W,30,57
E484D/R682W,30,56
E484D/R682W,30,56.5