Condition,MOI,GFP
E484D,1,0.13
E484D,1,0.2
E484D,1,1.33
E484D,1,1.25
E484D,5,0.63
E484D,5,0.76
E484D,5,3.72
E484D,5,2.63
E484D,10,1.38
E484D,10,1.38
E484D,10,1.38
E484D,10,1.14
E484D,10,4.91
E484D,10,3.36
E484D,20,2.69
E484D,20,2.37
E484D,20,2.01
E484D,20,1.92
E484D,20,1.86
E484D,20,1.58
E484D,20,4.28
E484D,20,4.32
E484K/R685S,1,0.07
E484K/R685S,1,0.06
E484K/R685S,1,0.12
E484K/R685S,1,0.07
E484K/R685S,5,0.03
E484K/R685S,5,0.16
E484K/R685S,5,0.17
E484K/R685S,5,0.09
E484K/R685S,10,0.13
E484K/R685S,10,0.1
E484K/R685S,10,0.2
E484K/R685S,10,0.1
E484K/R685S,20,0.16
E484K/R685S,20,0.12
E484K/R685S,20,0.26
E484K/R685S,20,0.2
WT,1,0.12
WT,1,0.14
WT,1,0.22
WT,1,0.15
WT,5,0.1
WT,5,0.12
WT,5,0.08
WT,5,0.2
WT,5,0.16
WT,5,0.12
WT,10,0.16
WT,10,0.3
WT,10,0.24
WT,10,0.22
WT,20,0.12
WT,20,0.12
WT,20,0.28
WT,20,0.19