MOI,Time,Cell.line,Replicate,Cells
5,0,WT,1,10153.3
5,1,WT,1,5796.289
5,2,WT,1,7025.614
5,3,WT,1,7352.061
5,4,WT,1,7559.213
5,5,WT,1,7047.302
5,6,WT,1,6232.685
5,7,WT,1,5323.272
5,8,WT,1,5721.149
5,9,WT,1,5699.458
5,10,WT,1,5535.857
5,11,WT,1,6887.964
5,12,WT,1,6058.599
5,13,WT,1,7277.615
5,14,WT,1,6808.312
5,15,WT,1,6043.038
5,16,WT,1,6367.611
5,17,WT,1,6159.608
5,18,WT,1,4342.612
5,19,WT,1,6409.896
5,20,WT,1,6036.353
5,21,WT,1,5837.959
5,22,WT,1,6577.458
5,23,WT,1,5935.472
5,24,WT,1,5965.705
5,25,WT,1,5713.932
5,26,WT,1,6128.545
5,27,WT,1,7371.346
5,28,WT,1,6140.042
5,29,WT,1,6860.24
5,30,WT,1,6049.327
5,31,WT,1,6923.213
5,32,WT,1,7863.09
5,33,WT,1,6701.082
5,34,WT,1,6163.733
5,35,WT,1,5662.634
5,36,WT,1,5611.586
5,37,WT,1,5773.539
5,38,WT,1,6878.669
5,39,WT,1,6430.982
5,40,WT,1,7166.875
5,41,WT,1,6844.317
5,42,WT,1,7355.882
5,43,WT,1,7273.705
5,44,WT,1,7176.77
5,45,WT,1,6896.659
5,46,WT,1,7671.585
5,47,WT,1,8322.973
5,48,WT,1,8928.766
5,49,WT,1,9058.328
5,50,WT,1,9570.906
5,51,WT,1,9205.107
5,52,WT,1,10786.06
5,53,WT,1,9688.48
5,54,WT,1,10542.99
5,55,WT,1,10720.81
5,56,WT,1,12626.42
5,57,WT,1,12266.34
5,58,WT,1,14003.14
5,59,WT,1,14580.69
5,60,WT,1,13888.25
5,61,WT,1,15567.55
5,62,WT,1,15445.65
5,63,WT,1,17357.14
5,64,WT,1,17055.91
5,65,WT,1,18135.27
5,66,WT,1,18644.29
5,67,WT,1,18614.59
5,68,WT,1,20165.5
5,69,WT,1,20691.98
5,70,WT,1,22418.29
5,71,WT,1,22267.18
5,72,WT,1,23334.4
5,73,WT,1,24212.55
5,74,WT,1,24526.65
5,75,WT,1,26350.78
5,76,WT,1,26302.63
5,77,WT,1,26622.73
5,78,WT,1,29357.5
5,79,WT,1,29509.04
5,80,WT,1,30387.22
5,81,WT,1,33959.72
5,82,WT,1,33305.24
5,83,WT,1,34039.97
5,84,WT,1,34475.59
5,85,WT,1,35367.5
5,86,WT,1,37212.22
5,87,WT,1,39084.32
5,88,WT,1,40148.77
5,89,WT,1,44135.13
5,90,WT,1,44458.04
5,91,WT,1,47632.8
5,92,WT,1,48011.17
5,93,WT,1,49308.96
5,94,WT,1,51543.93
5,95,WT,1,62881.5
5,96,WT,1,54640.5
5,97,WT,1,56357.56
5,0,WT,2,4335.119
5,1,WT,2,3030.549
5,2,WT,2,2125.238
5,3,WT,2,2017.775
5,4,WT,2,2318.474
5,5,WT,2,1227.975
5,6,WT,2,963.7742
5,7,WT,2,1211.904
5,8,WT,2,1506.102
5,9,WT,2,1080.162
5,10,WT,2,1140.02
5,11,WT,2,1371.95
5,12,WT,2,1398.847
5,13,WT,2,887.5308
5,14,WT,2,876.8272
5,15,WT,2,970.9419
5,16,WT,2,781.6929
5,17,WT,2,671.5325
5,18,WT,2,803.9073
5,19,WT,2,770.9609
5,20,WT,2,717.0157
5,21,WT,2,491.6912
5,22,WT,2,220.8242
5,23,WT,2,414.4145
5,24,WT,2,165.0381
5,25,WT,2,416.9911
5,26,WT,2,486.5458
5,27,WT,2,438.2441
5,28,WT,2,331.8024
5,29,WT,2,520.8644
5,30,WT,2,520.6381
5,31,WT,2,772.9378
5,32,WT,2,758.5508
5,33,WT,2,1063.345
5,34,WT,2,1163.979
5,35,WT,2,1293.024
5,36,WT,2,1747.788
5,37,WT,2,1712.211
5,38,WT,2,2134.677
5,39,WT,2,2188.861
5,40,WT,2,2651.359
5,41,WT,2,2786.561
5,42,WT,2,2869.951
5,43,WT,2,3333.919
5,44,WT,2,3945.704
5,45,WT,2,3915.538
5,46,WT,2,3893.131
5,47,WT,2,4398.101
5,48,WT,2,4778.439
5,49,WT,2,4232.02
5,50,WT,2,5127.116
5,51,WT,2,5184.905
5,52,WT,2,5800.037
5,53,WT,2,6314.673
5,54,WT,2,7215.953
5,55,WT,2,7007.133
5,56,WT,2,7588.028
5,57,WT,2,7806.766
5,58,WT,2,8398.915
5,59,WT,2,8562.73
5,60,WT,2,9658.975
5,61,WT,2,10129.67
5,62,WT,2,10100.5
5,63,WT,2,11167.69
5,64,WT,2,11699.93
5,65,WT,2,12300.69
5,66,WT,2,12582.83
5,67,WT,2,13505.94
5,68,WT,2,14408.45
5,69,WT,2,16500.29
5,70,WT,2,17125.23
5,71,WT,2,17521.28
5,72,WT,2,18430.68
5,73,WT,2,18740.01
5,74,WT,2,20573.63
5,75,WT,2,22787.93
5,76,WT,2,22212.94
5,77,WT,2,23115.75
5,78,WT,2,24669.21
5,79,WT,2,25878.61
5,80,WT,2,27952.53
5,81,WT,2,29365.23
5,82,WT,2,31377.24
5,83,WT,2,31844.92
5,84,WT,2,33180.95
5,85,WT,2,35255.35
5,86,WT,2,36488.68
5,87,WT,2,38413.25
5,88,WT,2,39507.7
5,89,WT,2,41101.98
5,90,WT,2,43099.84
5,91,WT,2,44815.27
5,92,WT,2,44496.1
5,93,WT,2,48124.67
5,94,WT,2,48548.44
5,95,WT,2,59821.53
5,96,WT,2,53563.87
5,97,WT,2,55273.46
5,0,WT,3,11181.85
5,1,WT,3,9126.227
5,2,WT,3,8956.496
5,3,WT,3,8231.732
5,4,WT,3,8604.562
5,5,WT,3,7444.886
5,6,WT,3,6606.229
5,7,WT,3,6130.396
5,8,WT,3,6776.455
5,9,WT,3,6533.328
5,10,WT,3,6486.896
5,11,WT,3,5555.717
5,12,WT,3,5485.97
5,13,WT,3,5986.552
5,14,WT,3,5852.4
5,15,WT,3,5306.774
5,16,WT,3,5412.949
5,17,WT,3,5680.041
5,18,WT,3,4884.424
5,19,WT,3,4920.163
5,20,WT,3,3969.615
5,21,WT,3,4189.067
5,22,WT,3,4270.544
5,23,WT,3,3990.733
5,24,WT,3,4474.866
5,25,WT,3,3974.389
5,26,WT,3,4565.5
5,27,WT,3,4243.402
5,28,WT,3,4337.286
5,29,WT,3,4463.953
5,30,WT,3,4727.448
5,31,WT,3,5174.54
5,32,WT,3,4905.644
5,33,WT,3,4857.899
5,34,WT,3,4899.639
5,35,WT,3,4755.641
5,36,WT,3,5009.428
5,37,WT,3,5697.559
5,38,WT,3,5442.889
5,39,WT,3,5118.05
5,40,WT,3,5046.235
5,41,WT,3,5769.747
5,42,WT,3,6387.018
5,43,WT,3,7087.112
5,44,WT,3,7189.109
5,45,WT,3,8007.343
5,46,WT,3,7182.127
5,47,WT,3,8708.265
5,48,WT,3,9365.922
5,49,WT,3,8944.446
5,50,WT,3,8447.5
5,51,WT,3,8741.673
5,52,WT,3,8936.335
5,53,WT,3,10532.6
5,54,WT,3,12148.16
5,55,WT,3,13407.95
5,56,WT,3,12087.27
5,57,WT,3,12113.95
5,58,WT,3,12617.7
5,59,WT,3,14123.42
5,60,WT,3,13406.58
5,61,WT,3,16072.66
5,62,WT,3,17101.63
5,63,WT,3,16082.71
5,64,WT,3,17461.53
5,65,WT,3,17604.64
5,66,WT,3,19058.24
5,67,WT,3,21566.64
5,68,WT,3,21731.08
5,69,WT,3,21028.59
5,70,WT,3,23642.66
5,71,WT,3,24466.36
5,72,WT,3,24980.23
5,73,WT,3,27995.26
5,74,WT,3,27309.73
5,75,WT,3,29315.99
5,76,WT,3,29871.43
5,77,WT,3,31415.89
5,78,WT,3,31053.64
5,79,WT,3,31886.95
5,80,WT,3,36011.05
5,81,WT,3,37454.78
5,82,WT,3,37998.8
5,83,WT,3,36523.27
5,84,WT,3,40887.97
5,85,WT,3,39760.73
5,86,WT,3,44608.73
5,87,WT,3,45402.77
5,88,WT,3,45022.64
5,89,WT,3,46931.05
5,90,WT,3,47270.99
5,91,WT,3,49424.91
5,92,WT,3,48308.74
5,93,WT,3,50676.27
5,94,WT,3,53929.54
5,95,WT,3,61415.52
5,96,WT,3,53894.7
5,97,WT,3,58862.41
5,0,E484D,1,34659.28
5,1,E484D,1,34999.15
5,2,E484D,1,23787.29
5,3,E484D,1,37230.35
5,4,E484D,1,35086.69
5,5,E484D,1,42808.51
5,6,E484D,1,78593.24
5,7,E484D,1,141260.9
5,8,E484D,1,200071.5
5,9,E484D,1,275905
5,10,E484D,1,289273.9
5,11,E484D,1,302055
5,12,E484D,1,326195.5
5,13,E484D,1,144032.3
5,14,E484D,1,174922.2
5,15,E484D,1,176225.6
5,16,E484D,1,161509.1
5,17,E484D,1,189190.1
5,18,E484D,1,197572.1
5,19,E484D,1,149009.4
5,20,E484D,1,156959.9
5,21,E484D,1,185513.2
5,22,E484D,1,146343.3
5,23,E484D,1,147271.9
5,24,E484D,1,164559.7
5,25,E484D,1,142389.9
5,26,E484D,1,142305.2
5,27,E484D,1,255823.5
5,28,E484D,1,186623.6
5,29,E484D,1,144334.1
5,30,E484D,1,139813.7
5,31,E484D,1,134809.8
5,32,E484D,1,120507.4
5,33,E484D,1,126167.3
5,34,E484D,1,128419.1
5,35,E484D,1,45660.48
5,36,E484D,1,53530.36
5,37,E484D,1,51091.39
5,38,E484D,1,46961.15
5,39,E484D,1,44847.89
5,40,E484D,1,54530.31
5,41,E484D,1,51974.07
5,42,E484D,1,37743.19
5,43,E484D,1,31718.62
5,44,E484D,1,44252.32
5,45,E484D,1,40538.5
5,46,E484D,1,38811.47
5,47,E484D,1,40145.77
5,48,E484D,1,49231.8
5,49,E484D,1,48685.52
5,50,E484D,1,46137.1
5,51,E484D,1,52818.43
5,52,E484D,1,54279.62
5,53,E484D,1,56851.7
5,54,E484D,1,47457.01
5,55,E484D,1,51806.08
5,56,E484D,1,57485.91
5,57,E484D,1,80329.81
5,58,E484D,1,102840
5,59,E484D,1,52149.88
5,60,E484D,1,46024.56
5,61,E484D,1,134631.6
5,62,E484D,1,124056.6
5,63,E484D,1,126563.4
5,64,E484D,1,106043.5
5,65,E484D,1,171016.4
5,66,E484D,1,51806.07
5,67,E484D,1,291560.5
5,68,E484D,1,296106.5
5,69,E484D,1,314327.1
5,70,E484D,1,56163.61
5,71,E484D,1,166076.5
5,72,E484D,1,57546.05
5,73,E484D,1,55944.48
5,74,E484D,1,70096.52
5,75,E484D,1,69657.37
5,76,E484D,1,72251.18
5,77,E484D,1,59858.84
5,78,E484D,1,202821.5
5,79,E484D,1,161949.7
5,80,E484D,1,187567.9
5,81,E484D,1,79224.7
5,82,E484D,1,68369.7
5,83,E484D,1,184095.8
5,84,E484D,1,309276.5
5,85,E484D,1,311616.3
5,86,E484D,1,304934.5
5,87,E484D,1,310781.3
5,88,E484D,1,304155.3
5,89,E484D,1,249233.6
5,90,E484D,1,200700.8
5,91,E484D,1,191708.5
5,92,E484D,1,95416.39
5,93,E484D,1,98215.82
5,94,E484D,1,103896.5
5,95,E484D,1,109267.7
5,96,E484D,1,107899.6
5,97,E484D,1,104207.8
5,0,E484D,2,7844.124
5,1,E484D,2,6380.627
5,2,E484D,2,5837.136
5,3,E484D,2,8205.025
5,4,E484D,2,17086.49
5,5,E484D,2,44724.7
5,6,E484D,2,89664.7
5,7,E484D,2,134620.3
5,8,E484D,2,142787.8
5,9,E484D,2,128133.7
5,10,E484D,2,124768.7
5,11,E484D,2,145008.5
5,12,E484D,2,140617.4
5,13,E484D,2,189651.6
5,14,E484D,2,157383.4
5,15,E484D,2,213716.6
5,16,E484D,2,212719.7
5,17,E484D,2,229005
5,18,E484D,2,281900.9
5,19,E484D,2,209841.1
5,20,E484D,2,416125.8
5,21,E484D,2,211792.6
5,22,E484D,2,239892.7
5,23,E484D,2,239497.4
5,24,E484D,2,207044.2
5,25,E484D,2,211624.1
5,26,E484D,2,210252.8
5,27,E484D,2,196969.3
5,28,E484D,2,199907.2
5,29,E484D,2,193411.3
5,30,E484D,2,191356.4
5,31,E484D,2,186496
5,32,E484D,2,186679.5
5,33,E484D,2,178004.2
5,34,E484D,2,166774.2
5,35,E484D,2,152114.5
5,36,E484D,2,153683.1
5,37,E484D,2,155700.1
5,38,E484D,2,159195.4
5,39,E484D,2,16259.37
5,40,E484D,2,20119.73
5,41,E484D,2,17104.35
5,42,E484D,2,17742.88
5,43,E484D,2,16578.05
5,44,E484D,2,20393
5,45,E484D,2,22825.29
5,46,E484D,2,22057.9
5,47,E484D,2,22981.02
5,48,E484D,2,50750.48
5,49,E484D,2,26726.27
5,50,E484D,2,24544.46
5,51,E484D,2,25456.79
5,52,E484D,2,19554
5,53,E484D,2,21939.49
5,54,E484D,2,21034.1
5,55,E484D,2,23116.6
5,56,E484D,2,22301.43
5,57,E484D,2,22665.49
5,58,E484D,2,22938.89
5,59,E484D,2,23469.59
5,60,E484D,2,24373.39
5,61,E484D,2,24510
5,62,E484D,2,24278.33
5,63,E484D,2,26427.92
5,64,E484D,2,27070.71
5,65,E484D,2,27405.07
5,66,E484D,2,26441.07
5,67,E484D,2,26902.3
5,68,E484D,2,27365.27
5,69,E484D,2,29209.12
5,70,E484D,2,32061.49
5,71,E484D,2,30679.75
5,72,E484D,2,31191.99
5,73,E484D,2,31907.75
5,74,E484D,2,32795.23
5,75,E484D,2,34501.65
5,76,E484D,2,33689.46
5,77,E484D,2,35312.17
5,78,E484D,2,34370.15
5,79,E484D,2,36114.98
5,80,E484D,2,37920.3
5,81,E484D,2,38735.61
5,82,E484D,2,39800.65
5,83,E484D,2,41780.44
5,84,E484D,2,43940.7
5,85,E484D,2,46214.07
5,86,E484D,2,47362.39
5,87,E484D,2,49244.77
5,88,E484D,2,50586.52
5,89,E484D,2,52572.57
5,90,E484D,2,53577.79
5,91,E484D,2,55681.97
5,92,E484D,2,57725.55
5,93,E484D,2,59769.52
5,94,E484D,2,61438.43
5,95,E484D,2,71584.88
5,96,E484D,2,62460.09
5,97,E484D,2,65416.7
5,0,E484D,3,4456.386
5,1,E484D,3,4261.262
5,2,E484D,3,2713.338
5,3,E484D,3,3686.341
5,4,E484D,3,2870.433
5,5,E484D,3,6938.168
5,6,E484D,3,25726.34
5,7,E484D,3,53774.39
5,8,E484D,3,81540.56
5,9,E484D,3,107074.1
5,10,E484D,3,138066.4
5,11,E484D,3,115484.2
5,12,E484D,3,106337.3
5,13,E484D,3,102973.8
5,14,E484D,3,101495.8
5,15,E484D,3,98422.23
5,16,E484D,3,94951.74
5,17,E484D,3,89607.83
5,18,E484D,3,98259.55
5,19,E484D,3,105659.6
5,20,E484D,3,119827
5,21,E484D,3,132461.7
5,22,E484D,3,163116.2
5,23,E484D,3,159712.9
5,24,E484D,3,166715.1
5,25,E484D,3,170413.8
5,26,E484D,3,176378.9
5,27,E484D,3,168823.2
5,28,E484D,3,131652.5
5,29,E484D,3,104081
5,30,E484D,3,94866.52
5,31,E484D,3,99914.47
5,32,E484D,3,107746.1
5,33,E484D,3,109460.1
5,34,E484D,3,113986.5
5,35,E484D,3,115907.4
5,36,E484D,3,119271.9
5,37,E484D,3,123512.9
5,38,E484D,3,125930.5
5,39,E484D,3,130463
5,40,E484D,3,137461.3
5,41,E484D,3,137391.4
5,42,E484D,3,151447.8
5,43,E484D,3,102381.5
5,44,E484D,3,105769.8
5,45,E484D,3,106900
5,46,E484D,3,125013.1
5,47,E484D,3,141800.5
5,48,E484D,3,156326.3
5,49,E484D,3,171298.7
5,50,E484D,3,186510.1
5,51,E484D,3,204538.5
5,52,E484D,3,224277.1
5,53,E484D,3,246616.5
5,54,E484D,3,254635.3
5,55,E484D,3,274440.2
5,56,E484D,3,283937.9
5,57,E484D,3,297831.4
5,58,E484D,3,92926.62
5,59,E484D,3,88463.78
5,60,E484D,3,356418
5,61,E484D,3,13909.38
5,62,E484D,3,362699.6
5,63,E484D,3,383846.7
5,64,E484D,3,35179.69
5,65,E484D,3,15836.08
5,66,E484D,3,34822.66
5,67,E484D,3,37529.93
5,68,E484D,3,41780.45
5,69,E484D,3,21088.96
5,70,E484D,3,51402.68
5,71,E484D,3,46159.51
5,72,E484D,3,29881.67
5,73,E484D,3,28729.88
5,74,E484D,3,29366.07
5,75,E484D,3,32554.91
5,76,E484D,3,28317.81
5,77,E484D,3,29088.61
5,78,E484D,3,29124.66
5,79,E484D,3,23886.11
5,80,E484D,3,26563.9
5,81,E484D,3,31659.61
5,82,E484D,3,26558.27
5,83,E484D,3,26604.33
5,84,E484D,3,32788.03
5,85,E484D,3,37969.54
5,86,E484D,3,44708.63
5,87,E484D,3,51601.82
5,88,E484D,3,63723.89
5,89,E484D,3,72551.17
5,90,E484D,3,84104.1
5,91,E484D,3,100538.6
5,92,E484D,3,109754.9
5,93,E484D,3,120906.5
5,94,E484D,3,134150
5,95,E484D,3,159804.5
5,96,E484D,3,162222.3
5,97,E484D,3,181478.2
5,0,E484K/R685S,1,15219.18
5,1,E484K/R685S,1,7129.771
5,2,E484K/R685S,1,13905.15
5,3,E484K/R685S,1,5152.513
5,4,E484K/R685S,1,5537.669
5,5,E484K/R685S,1,5628.433
5,6,E484K/R685S,1,5626.618
5,7,E484K/R685S,1,4762.836
5,8,E484K/R685S,1,4281.81
5,9,E484K/R685S,1,5156.423
5,10,E484K/R685S,1,5031.865
5,11,E484K/R685S,1,5493.854
5,12,E484K/R685S,1,5288.298
5,13,E484K/R685S,1,4336.271
5,14,E484K/R685S,1,5275.743
5,15,E484K/R685S,1,4574.583
5,16,E484K/R685S,1,4612.382
5,17,E484K/R685S,1,4925.403
5,18,E484K/R685S,1,4514.395
5,19,E484K/R685S,1,4231.045
5,20,E484K/R685S,1,4238.402
5,21,E484K/R685S,1,3676.724
5,22,E484K/R685S,1,3867.54
5,23,E484K/R685S,1,4262.598
5,24,E484K/R685S,1,4046.291
5,25,E484K/R685S,1,4119.777
5,26,E484K/R685S,1,4527.787
5,27,E484K/R685S,1,4883.745
5,28,E484K/R685S,1,4713.867
5,29,E484K/R685S,1,4603.524
5,30,E484K/R685S,1,4830.478
5,31,E484K/R685S,1,4411.954
5,32,E484K/R685S,1,4878.971
5,33,E484K/R685S,1,5129.853
5,34,E484K/R685S,1,5075.26
5,35,E484K/R685S,1,4931.896
5,36,E484K/R685S,1,4791.964
5,37,E484K/R685S,1,4899.223
5,38,E484K/R685S,1,5181.664
5,39,E484K/R685S,1,5386.579
5,40,E484K/R685S,1,5881.103
5,41,E484K/R685S,1,6343.354
5,42,E484K/R685S,1,6817.277
5,43,E484K/R685S,1,7508.819
5,44,E484K/R685S,1,8105.039
5,45,E484K/R685S,1,8256.934
5,46,E484K/R685S,1,8165.174
5,47,E484K/R685S,1,9193.45
5,48,E484K/R685S,1,10698.48
5,49,E484K/R685S,1,9867.104
5,50,E484K/R685S,1,10469.51
5,51,E484K/R685S,1,10939.85
5,52,E484K/R685S,1,12214.57
5,53,E484K/R685S,1,12741.02
5,54,E484K/R685S,1,14004.37
5,55,E484K/R685S,1,15105.27
5,56,E484K/R685S,1,15015.82
5,57,E484K/R685S,1,16658
5,58,E484K/R685S,1,17541.76
5,59,E484K/R685S,1,18568.7
5,60,E484K/R685S,1,18642.91
5,61,E484K/R685S,1,19395.62
5,62,E484K/R685S,1,21067.74
5,63,E484K/R685S,1,21996.56
5,64,E484K/R685S,1,22909.95
5,65,E484K/R685S,1,23412.13
5,66,E484K/R685S,1,24762.86
5,67,E484K/R685S,1,25683.3
5,68,E484K/R685S,1,26196.43
5,69,E484K/R685S,1,27216.45
5,70,E484K/R685S,1,27387.05
5,71,E484K/R685S,1,28910.22
5,72,E484K/R685S,1,30750.27
5,73,E484K/R685S,1,31450.34
5,74,E484K/R685S,1,31152.98
5,75,E484K/R685S,1,32142.83
5,76,E484K/R685S,1,33082.84
5,77,E484K/R685S,1,33585.84
5,78,E484K/R685S,1,32831.54
5,79,E484K/R685S,1,33898.32
5,80,E484K/R685S,1,34630.6
5,81,E484K/R685S,1,36656.14
5,82,E484K/R685S,1,38567.63
5,83,E484K/R685S,1,39620.54
5,84,E484K/R685S,1,39713.35
5,85,E484K/R685S,1,41881.19
5,86,E484K/R685S,1,42882.67
5,87,E484K/R685S,1,44665.49
5,88,E484K/R685S,1,46114.37
5,89,E484K/R685S,1,47571.36
5,90,E484K/R685S,1,48811.38
5,91,E484K/R685S,1,49424.84
5,92,E484K/R685S,1,51295.58
5,93,E484K/R685S,1,53241.98
5,94,E484K/R685S,1,53418.69
5,95,E484K/R685S,1,63431.2
5,96,E484K/R685S,1,58086.13
5,97,E484K/R685S,1,57576.35
5,0,E484K/R685S,2,9395.224
5,1,E484K/R685S,2,5920.683
5,2,E484K/R685S,2,5495.459
5,3,E484K/R685S,2,5586.877
5,4,E484K/R685S,2,5282.327
5,5,E484K/R685S,2,6042.408
5,6,E484K/R685S,2,6051.491
5,7,E484K/R685S,2,5213.429
5,8,E484K/R685S,2,4680.75
5,9,E484K/R685S,2,5219.392
5,10,E484K/R685S,2,4926.599
5,11,E484K/R685S,2,5355.646
5,12,E484K/R685S,2,4862.873
5,13,E484K/R685S,2,5172.651
5,14,E484K/R685S,2,4561.794
5,15,E484K/R685S,2,4841.275
5,16,E484K/R685S,2,4081.638
5,17,E484K/R685S,2,4110.615
5,18,E484K/R685S,2,4507.58
5,19,E484K/R685S,2,4003.302
5,20,E484K/R685S,2,4326.346
5,21,E484K/R685S,2,3855.198
5,22,E484K/R685S,2,3892.253
5,23,E484K/R685S,2,4925.212
5,24,E484K/R685S,2,4538.079
5,25,E484K/R685S,2,4813.564
5,26,E484K/R685S,2,4972.735
5,27,E484K/R685S,2,4980.537
5,28,E484K/R685S,2,5154.189
5,29,E484K/R685S,2,5221.963
5,30,E484K/R685S,2,5283.495
5,31,E484K/R685S,2,5120.765
5,32,E484K/R685S,2,5268.14
5,33,E484K/R685S,2,5505.747
5,34,E484K/R685S,2,6852.782
5,35,E484K/R685S,2,5993.591
5,36,E484K/R685S,2,7163.837
5,37,E484K/R685S,2,7192.929
5,38,E484K/R685S,2,7683.083
5,39,E484K/R685S,2,6984.397
5,40,E484K/R685S,2,8685.326
5,41,E484K/R685S,2,8755.91
5,42,E484K/R685S,2,10055.28
5,43,E484K/R685S,2,9397.8
5,44,E484K/R685S,2,10491.47
5,45,E484K/R685S,2,10712.65
5,46,E484K/R685S,2,10705.69
5,47,E484K/R685S,2,11489.31
5,48,E484K/R685S,2,13297.84
5,49,E484K/R685S,2,11720.1
5,50,E484K/R685S,2,13212.7
5,51,E484K/R685S,2,14353.21
5,52,E484K/R685S,2,14730.52
5,53,E484K/R685S,2,15886.95
5,54,E484K/R685S,2,18077.91
5,55,E484K/R685S,2,18637.13
5,56,E484K/R685S,2,18634.08
5,57,E484K/R685S,2,20384.74
5,58,E484K/R685S,2,20748.38
5,59,E484K/R685S,2,22188.1
5,60,E484K/R685S,2,23117.13
5,61,E484K/R685S,2,23851.73
5,62,E484K/R685S,2,25047.88
5,63,E484K/R685S,2,28157.36
5,64,E484K/R685S,2,29326.18
5,65,E484K/R685S,2,31109.61
5,66,E484K/R685S,2,32342.52
5,67,E484K/R685S,2,32767.4
5,68,E484K/R685S,2,33427.78
5,69,E484K/R685S,2,33159.37
5,70,E484K/R685S,2,34850.15
5,71,E484K/R685S,2,36865.45
5,72,E484K/R685S,2,37378.82
5,73,E484K/R685S,2,39141.58
5,74,E484K/R685S,2,37700
5,75,E484K/R685S,2,38275.83
5,76,E484K/R685S,2,40114.83
5,77,E484K/R685S,2,39305.15
5,78,E484K/R685S,2,40066.73
5,79,E484K/R685S,2,42212.74
5,80,E484K/R685S,2,43074.46
5,81,E484K/R685S,2,45377.9
5,82,E484K/R685S,2,47497.68
5,83,E484K/R685S,2,49005.91
5,84,E484K/R685S,2,51753.11
5,85,E484K/R685S,2,52598.67
5,86,E484K/R685S,2,52572.48
5,87,E484K/R685S,2,56109.75
5,88,E484K/R685S,2,55734.88
5,89,E484K/R685S,2,57293.31
5,90,E484K/R685S,2,58950.21
5,91,E484K/R685S,2,60563.45
5,92,E484K/R685S,2,63321.3
5,93,E484K/R685S,2,65905.17
5,94,E484K/R685S,2,68743.23
5,95,E484K/R685S,2,78107.88
5,96,E484K/R685S,2,68749.67
5,97,E484K/R685S,2,71314.03
5,0,E484K/R685S,3,5490.682
5,1,E484K/R685S,3,4214.349
5,2,E484K/R685S,3,3057.811
5,3,E484K/R685S,3,3613.222
5,4,E484K/R685S,3,3571.774
5,5,E484K/R685S,3,4468.859
5,6,E484K/R685S,3,4953.379
5,7,E484K/R685S,3,5356.059
5,8,E484K/R685S,3,4298.828
5,9,E484K/R685S,3,5144.106
5,10,E484K/R685S,3,4271.959
5,11,E484K/R685S,3,4589.07
5,12,E484K/R685S,3,4868.62
5,13,E484K/R685S,3,4830.896
5,14,E484K/R685S,3,5241.386
5,15,E484K/R685S,3,4956.561
5,16,E484K/R685S,3,5427.131
5,17,E484K/R685S,3,5005.142
5,18,E484K/R685S,3,4886.094
5,19,E484K/R685S,3,4695.125
5,20,E484K/R685S,3,4191.746
5,21,E484K/R685S,3,4738.767
5,22,E484K/R685S,3,3935.55
5,23,E484K/R685S,3,4034.365
5,24,E484K/R685S,3,4620.331
5,25,E484K/R685S,3,3568.971
5,26,E484K/R685S,3,5285.545
5,27,E484K/R685S,3,5356.507
5,28,E484K/R685S,3,5377.461
5,29,E484K/R685S,3,5734.045
5,30,E484K/R685S,3,6024.197
5,31,E484K/R685S,3,5689.151
5,32,E484K/R685S,3,6270.304
5,33,E484K/R685S,3,6266.806
5,34,E484K/R685S,3,6757.836
5,35,E484K/R685S,3,5406.28
5,36,E484K/R685S,3,5435.96
5,37,E484K/R685S,3,6010.995
5,38,E484K/R685S,3,8023.538
5,39,E484K/R685S,3,7883.292
5,40,E484K/R685S,3,8641.031
5,41,E484K/R685S,3,9554.25
5,42,E484K/R685S,3,10920.72
5,43,E484K/R685S,3,10874.29
5,44,E484K/R685S,3,9981.826
5,45,E484K/R685S,3,10386.24
5,46,E484K/R685S,3,10370.35
5,47,E484K/R685S,3,11258.17
5,48,E484K/R685S,3,11858.54
5,49,E484K/R685S,3,11538.98
5,50,E484K/R685S,3,11427.39
5,51,E484K/R685S,3,12170.69
5,52,E484K/R685S,3,12490.82
5,53,E484K/R685S,3,13496.5
5,54,E484K/R685S,3,13829.35
5,55,E484K/R685S,3,14058.11
5,56,E484K/R685S,3,13772.31
5,57,E484K/R685S,3,14672.08
5,58,E484K/R685S,3,14823.01
5,59,E484K/R685S,3,16499.03
5,60,E484K/R685S,3,16690.61
5,61,E484K/R685S,3,17376.97
5,62,E484K/R685S,3,19039
5,63,E484K/R685S,3,19883.01
5,64,E484K/R685S,3,21297.56
5,65,E484K/R685S,3,22044.3
5,66,E484K/R685S,3,22586.52
5,67,E484K/R685S,3,23052.28
5,68,E484K/R685S,3,23568.66
5,69,E484K/R685S,3,24799.33
5,70,E484K/R685S,3,25199.81
5,71,E484K/R685S,3,26672.07
5,72,E484K/R685S,3,27401.88
5,73,E484K/R685S,3,28666.96
5,74,E484K/R685S,3,30324.43
5,75,E484K/R685S,3,32326.28
5,76,E484K/R685S,3,32034.22
5,77,E484K/R685S,3,34113.7
5,78,E484K/R685S,3,34889.09
5,79,E484K/R685S,3,35002.04
5,80,E484K/R685S,3,37084.27
5,81,E484K/R685S,3,38897.11
5,82,E484K/R685S,3,40794.3
5,83,E484K/R685S,3,42020.68
5,84,E484K/R685S,3,44018.16
5,85,E484K/R685S,3,46032.87
5,86,E484K/R685S,3,47941.68
5,87,E484K/R685S,3,49828.98
5,88,E484K/R685S,3,51554
5,89,E484K/R685S,3,52770.38
5,90,E484K/R685S,3,54702.23
5,91,E484K/R685S,3,55655.41
5,92,E484K/R685S,3,57190
5,93,E484K/R685S,3,59984.82
5,94,E484K/R685S,3,60062.39
5,95,E484K/R685S,3,61489.96
5,96,E484K/R685S,3,64401.73
5,97,E484K/R685S,3,65295.49
20,0,WT,1,23146.98
20,1,WT,1,16340.3
20,2,WT,1,14149.15
20,3,WT,1,11189.64
20,4,WT,1,10891.5
20,5,WT,1,10973.21
20,6,WT,1,11441.17
20,7,WT,1,10649.1
20,8,WT,1,9981.753
20,9,WT,1,9152.936
20,10,WT,1,9288.46
20,11,WT,1,9181.098
20,12,WT,1,10017.33
20,13,WT,1,10947.94
20,14,WT,1,10078.7
20,15,WT,1,9339.573
20,16,WT,1,11664.52
20,17,WT,1,11113.84
20,18,WT,1,11760.03
20,19,WT,1,11121.54
20,20,WT,1,9756.197
20,21,WT,1,10433.69
20,22,WT,1,9985.554
20,23,WT,1,10168.87
20,24,WT,1,9904.424
20,25,WT,1,11557.72
20,26,WT,1,11040.51
20,27,WT,1,10921.95
20,28,WT,1,10860.47
20,29,WT,1,10881.55
20,30,WT,1,10562.95
20,31,WT,1,10498.18
20,32,WT,1,10329.52
20,33,WT,1,9859.487
20,34,WT,1,10011.61
20,35,WT,1,10065.14
20,36,WT,1,10352.56
20,37,WT,1,9729.893
20,38,WT,1,10582.18
20,39,WT,1,11242.18
20,40,WT,1,12080.71
20,41,WT,1,11141
20,42,WT,1,11017.61
20,43,WT,1,12422.34
20,44,WT,1,12866.9
20,45,WT,1,13832.71
20,46,WT,1,14277.68
20,47,WT,1,15886.79
20,48,WT,1,17528.03
20,49,WT,1,16850.74
20,50,WT,1,14760.75
20,51,WT,1,16003.13
20,52,WT,1,15375.23
20,53,WT,1,15940.42
20,54,WT,1,17305.14
20,55,WT,1,16870.07
20,56,WT,1,17274.41
20,57,WT,1,18901.64
20,58,WT,1,19315.71
20,59,WT,1,19803.62
20,60,WT,1,21091.29
20,61,WT,1,20709.67
20,62,WT,1,22345.44
20,63,WT,1,22368.16
20,64,WT,1,23761.22
20,65,WT,1,24172.43
20,66,WT,1,24405.91
20,67,WT,1,26415.05
20,68,WT,1,29256.7
20,69,WT,1,30850.27
20,70,WT,1,32033.13
20,71,WT,1,33727.49
20,72,WT,1,35607.84
20,73,WT,1,36483.31
20,74,WT,1,38671.5
20,75,WT,1,38513.75
20,76,WT,1,38702.71
20,77,WT,1,41123.37
20,78,WT,1,42521.9
20,79,WT,1,44017.5
20,80,WT,1,47034.89
20,81,WT,1,48369.39
20,82,WT,1,50032.38
20,83,WT,1,53201.84
20,84,WT,1,55151.09
20,85,WT,1,55974.42
20,86,WT,1,58984.34
20,87,WT,1,61657.32
20,88,WT,1,62887.77
20,89,WT,1,63947.51
20,90,WT,1,64733.84
20,91,WT,1,67854.01
20,92,WT,1,68462.33
20,93,WT,1,73272.88
20,94,WT,1,73987.2
20,95,WT,1,85283.05
20,96,WT,1,74578.89
20,97,WT,1,79446.75
20,0,WT,2,73734.72
20,1,WT,2,60926.52
20,2,WT,2,57202.79
20,3,WT,2,57409.36
20,4,WT,2,52458.18
20,5,WT,2,54920.98
20,6,WT,2,50766.21
20,7,WT,2,46896.04
20,8,WT,2,44475.55
20,9,WT,2,44962.63
20,10,WT,2,44529.89
20,11,WT,2,47531.57
20,12,WT,2,44247.63
20,13,WT,2,43734.06
20,14,WT,2,45447.08
20,15,WT,2,43769.71
20,16,WT,2,45126.13
20,17,WT,2,40803.18
20,18,WT,2,38831.53
20,19,WT,2,41351.21
20,20,WT,2,37512.69
20,21,WT,2,36278.97
20,22,WT,2,37491.73
20,23,WT,2,35835.07
20,24,WT,2,35953.74
20,25,WT,2,37467.15
20,26,WT,2,36557.96
20,27,WT,2,33386.07
20,28,WT,2,34139.63
20,29,WT,2,34273.76
20,30,WT,2,34647.54
20,31,WT,2,35142.62
20,32,WT,2,33047.64
20,33,WT,2,34723.2
20,34,WT,2,33940.94
20,35,WT,2,33437.86
20,36,WT,2,34573.01
20,37,WT,2,35742.11
20,38,WT,2,32432.95
20,39,WT,2,30895.29
20,40,WT,2,32496.76
20,41,WT,2,32837.06
20,42,WT,2,31826.79
20,43,WT,2,31335.25
20,44,WT,2,31865.39
20,45,WT,2,32519.58
20,46,WT,2,33830.4
20,47,WT,2,34613.61
20,48,WT,2,34745.95
20,49,WT,2,33471.09
20,50,WT,2,33299.76
20,51,WT,2,34259.75
20,52,WT,2,33918.93
20,53,WT,2,33499.73
20,54,WT,2,35092
20,55,WT,2,34480.15
20,56,WT,2,36938.59
20,57,WT,2,36481.37
20,58,WT,2,36182.17
20,59,WT,2,34890.72
20,60,WT,2,34321.76
20,61,WT,2,35563.35
20,62,WT,2,35871.05
20,63,WT,2,37842.33
20,64,WT,2,39044.3
20,65,WT,2,37598.24
20,66,WT,2,40992.85
20,67,WT,2,40382.7
20,68,WT,2,41766.35
20,69,WT,2,41130.96
20,70,WT,2,42282.73
20,71,WT,2,43738.2
20,72,WT,2,45008.55
20,73,WT,2,43420.54
20,74,WT,2,43567.41
20,75,WT,2,44746.41
20,76,WT,2,43101.44
20,77,WT,2,44501.51
20,78,WT,2,46229.91
20,79,WT,2,46264.08
20,80,WT,2,47143.77
20,81,WT,2,48649.07
20,82,WT,2,52419.01
20,83,WT,2,52150.46
20,84,WT,2,52114.69
20,85,WT,2,54542.92
20,86,WT,2,55800.71
20,87,WT,2,56679.3
20,88,WT,2,57334.49
20,89,WT,2,58349.02
20,90,WT,2,60150.55
20,91,WT,2,62605.48
20,92,WT,2,62535.64
20,93,WT,2,64339.02
20,94,WT,2,64641.52
20,95,WT,2,76359.06
20,96,WT,2,69849.3
20,97,WT,2,71966.73
20,0,WT,3,12430.57
20,1,WT,3,9355.176
20,2,WT,3,8879.841
20,3,WT,3,8147.737
20,4,WT,3,7752.83
20,5,WT,3,7079.102
20,6,WT,3,7308.95
20,7,WT,3,7476.407
20,8,WT,3,7416.029
20,9,WT,3,7457.563
20,10,WT,3,7726.179
20,11,WT,3,7200.477
20,12,WT,3,7656.979
20,13,WT,3,7457.637
20,14,WT,3,9262.209
20,15,WT,3,6095.156
20,16,WT,3,33892.14
20,17,WT,3,4931.38
20,18,WT,3,73979.98
20,19,WT,3,84202.36
20,20,WT,3,53628.5
20,21,WT,3,5028.938
20,22,WT,3,4601.535
20,23,WT,3,4700.443
20,24,WT,3,5121.9
20,25,WT,3,13709.79
20,26,WT,3,102979.5
20,27,WT,3,5136.865
20,28,WT,3,38950.69
20,29,WT,3,153305.6
20,30,WT,3,149517.6
20,31,WT,3,139805.1
20,32,WT,3,9326.759
20,33,WT,3,15503.63
20,34,WT,3,252489
20,35,WT,3,14579.71
20,36,WT,3,8041.796
20,37,WT,3,16071.67
20,38,WT,3,8355.908
20,39,WT,3,8616.895
20,40,WT,3,6987.025
20,41,WT,3,7710.048
20,42,WT,3,8614.062
20,43,WT,3,8431.153
20,44,WT,3,8808.828
20,45,WT,3,9145.775
20,46,WT,3,9259.381
20,47,WT,3,10487.52
20,48,WT,3,11165.68
20,49,WT,3,9276.134
20,50,WT,3,10147.24
20,51,WT,3,10506.71
20,52,WT,3,11380.1
20,53,WT,3,12434.28
20,54,WT,3,13361.07
20,55,WT,3,13494.37
20,56,WT,3,14735.91
20,57,WT,3,14178.59
20,58,WT,3,15122.97
20,59,WT,3,15545.51
20,60,WT,3,16725
20,61,WT,3,17173.12
20,62,WT,3,18487.98
20,63,WT,3,19561
20,64,WT,3,19879
20,65,WT,3,20817.18
20,66,WT,3,22333.68
20,67,WT,3,23182.73
20,68,WT,3,24476.23
20,69,WT,3,26822.97
20,70,WT,3,26740.59
20,71,WT,3,28038.43
20,72,WT,3,29921.3
20,73,WT,3,29749.42
20,74,WT,3,31547.62
20,75,WT,3,32305.6
20,76,WT,3,31676.27
20,77,WT,3,32627.72
20,78,WT,3,34206.06
20,79,WT,3,36205.57
20,80,WT,3,38524.8
20,81,WT,3,37942.27
20,82,WT,3,39262.03
20,83,WT,3,42704.09
20,84,WT,3,43915.48
20,85,WT,3,45738.91
20,86,WT,3,46822.73
20,87,WT,3,48663.76
20,88,WT,3,51237.71
20,89,WT,3,51188.26
20,90,WT,3,53489.55
20,91,WT,3,54487.19
20,92,WT,3,56472.7
20,93,WT,3,57802.09
20,94,WT,3,57244.81
20,95,WT,3,70797.88
20,96,WT,3,61543.31
20,97,WT,3,61699.38
20,0,E484D,1,28742.62
20,1,E484D,1,27340.23
20,2,E484D,1,23319.86
20,3,E484D,1,28065.24
20,4,E484D,1,40552.88
20,5,E484D,1,37147.23
20,6,E484D,1,111589.7
20,7,E484D,1,283689.9
20,8,E484D,1,392680.7
20,9,E484D,1,389918.7
20,10,E484D,1,664072.6
20,11,E484D,1,542600.6
20,12,E484D,1,906687.3
20,13,E484D,1,768540.5
20,14,E484D,1,1173702
20,15,E484D,1,1206224
20,16,E484D,1,1250625
20,17,E484D,1,1323524
20,18,E484D,1,1278859
20,19,E484D,1,1343571
20,20,E484D,1,1416323
20,21,E484D,1,1482658
20,22,E484D,1,1446701
20,23,E484D,1,1789138
20,24,E484D,1,1211199
20,25,E484D,1,1225972
20,26,E484D,1,849515.7
20,27,E484D,1,734775.8
20,28,E484D,1,1101090
20,29,E484D,1,1114827
20,30,E484D,1,1532825
20,31,E484D,1,1066681
20,32,E484D,1,1065099
20,33,E484D,1,928182.4
20,34,E484D,1,1219969
20,35,E484D,1,1121794
20,36,E484D,1,1065826
20,37,E484D,1,1036385
20,38,E484D,1,895194.8
20,39,E484D,1,1096372
20,40,E484D,1,919794
20,41,E484D,1,554408.4
20,42,E484D,1,572448.6
20,43,E484D,1,572731.6
20,44,E484D,1,537601.5
20,45,E484D,1,565249.3
20,46,E484D,1,585083
20,47,E484D,1,563414.9
20,48,E484D,1,417317.8
20,49,E484D,1,427454.3
20,50,E484D,1,441490.5
20,51,E484D,1,461659.6
20,52,E484D,1,367968.2
20,53,E484D,1,357855.6
20,54,E484D,1,420674.8
20,55,E484D,1,266068.8
20,56,E484D,1,587981.6
20,57,E484D,1,513882.6
20,58,E484D,1,238453.9
20,59,E484D,1,234612.1
20,60,E484D,1,280012.7
20,61,E484D,1,302904.8
20,62,E484D,1,305779
20,63,E484D,1,139577.6
20,64,E484D,1,105625.4
20,65,E484D,1,131315.4
20,66,E484D,1,114739.3
20,67,E484D,1,132717.8
20,68,E484D,1,126928.9
20,69,E484D,1,121222.1
20,70,E484D,1,347696.3
20,71,E484D,1,109435.1
20,72,E484D,1,148265.3
20,73,E484D,1,152699.2
20,74,E484D,1,148048.1
20,75,E484D,1,147107.5
20,76,E484D,1,138258.5
20,77,E484D,1,290910.6
20,78,E484D,1,207688.7
20,79,E484D,1,197869.1
20,80,E484D,1,135201.6
20,81,E484D,1,184750.8
20,82,E484D,1,169066.6
20,83,E484D,1,166027.6
20,84,E484D,1,153478.1
20,85,E484D,1,134984.5
20,86,E484D,1,124057.1
20,87,E484D,1,121062.3
20,88,E484D,1,118083.7
20,89,E484D,1,107659.6
20,90,E484D,1,104342
20,91,E484D,1,101670
20,92,E484D,1,100986.3
20,93,E484D,1,100677
20,94,E484D,1,101425.1
20,95,E484D,1,112185.3
20,96,E484D,1,101854.5
20,97,E484D,1,100016.3
20,0,E484D,2,9188.565
20,1,E484D,2,6916.139
20,2,E484D,2,6660.559
20,3,E484D,2,8300.931
20,4,E484D,2,21043.62
20,5,E484D,2,65604.67
20,6,E484D,2,104956.7
20,7,E484D,2,226318.8
20,8,E484D,2,390023.9
20,9,E484D,2,510300.1
20,10,E484D,2,697805.8
20,11,E484D,2,836138.6
20,12,E484D,2,1018571
20,13,E484D,2,909495.9
20,14,E484D,2,911427.4
20,15,E484D,2,884656.4
20,16,E484D,2,893532.4
20,17,E484D,2,876837
20,18,E484D,2,1057611
20,19,E484D,2,1000576
20,20,E484D,2,934398.4
20,21,E484D,2,1026470
20,22,E484D,2,708594
20,23,E484D,2,864685.2
20,24,E484D,2,846758.8
20,25,E484D,2,567606.9
20,26,E484D,2,547109.3
20,27,E484D,2,1139421
20,28,E484D,2,1058771
20,29,E484D,2,812949.6
20,30,E484D,2,784330.1
20,31,E484D,2,455236.2
20,32,E484D,2,775389.2
20,33,E484D,2,922685.3
20,34,E484D,2,943304.1
20,35,E484D,2,399688.9
20,36,E484D,2,573930.1
20,37,E484D,2,538416.6
20,38,E484D,2,223590.9
20,39,E484D,2,308869
20,40,E484D,2,196593.9
20,41,E484D,2,193981.3
20,42,E484D,2,161810.4
20,43,E484D,2,172701.7
20,44,E484D,2,316497.7
20,45,E484D,2,251869.3
20,46,E484D,2,259490.5
20,47,E484D,2,299208.9
20,48,E484D,2,248293.5
20,49,E484D,2,278531.2
20,50,E484D,2,281108.5
20,51,E484D,2,322464.3
20,52,E484D,2,311402
20,53,E484D,2,279833.2
20,54,E484D,2,277379.3
20,55,E484D,2,204848.8
20,56,E484D,2,203585.5
20,57,E484D,2,320300
20,58,E484D,2,326888.5
20,59,E484D,2,144168.4
20,60,E484D,2,198852.1
20,61,E484D,2,144427.9
20,62,E484D,2,154690.9
20,63,E484D,2,154620.9
20,64,E484D,2,165181
20,65,E484D,2,290901
20,66,E484D,2,196404.7
20,67,E484D,2,193549
20,68,E484D,2,201828
20,69,E484D,2,216543.6
20,70,E484D,2,225482.9
20,71,E484D,2,244220
20,72,E484D,2,265653.9
20,73,E484D,2,265394.3
20,74,E484D,2,277822.5
20,75,E484D,2,294636
20,76,E484D,2,300449.4
20,77,E484D,2,323109.2
20,78,E484D,2,301958.2
20,79,E484D,2,178087.6
20,80,E484D,2,89999.34
20,81,E484D,2,85921.7
20,82,E484D,2,93042.43
20,83,E484D,2,92220.63
20,84,E484D,2,94122.04
20,85,E484D,2,94829.09
20,86,E484D,2,95079.6
20,87,E484D,2,93087.13
20,88,E484D,2,94541.23
20,89,E484D,2,98863.83
20,90,E484D,2,81499.2
20,91,E484D,2,84939.76
20,92,E484D,2,478315.6
20,93,E484D,2,138996.1
20,94,E484D,2,143512.4
20,95,E484D,2,167282.7
20,96,E484D,2,94795.98
20,97,E484D,2,94621.16
20,0,E484D,3,24997.46
20,1,E484D,3,27295.4
20,2,E484D,3,25151.03
20,3,E484D,3,25239.8
20,4,E484D,3,23779.63
20,5,E484D,3,48076.15
20,6,E484D,3,96770.86
20,7,E484D,3,157550.9
20,8,E484D,3,81420.89
20,9,E484D,3,44610.74
20,10,E484D,3,41530.84
20,11,E484D,3,61672
20,12,E484D,3,53602.16
20,13,E484D,3,54340.96
20,14,E484D,3,323032.4
20,15,E484D,3,350251
20,16,E484D,3,377523.9
20,17,E484D,3,381374.2
20,18,E484D,3,401191
20,19,E484D,3,298986.2
20,20,E484D,3,271475.5
20,21,E484D,3,287498.3
20,22,E484D,3,295758.9
20,23,E484D,3,507953.1
20,24,E484D,3,708342.3
20,25,E484D,3,517451.1
20,26,E484D,3,226711.9
20,27,E484D,3,179942
20,28,E484D,3,170557.7
20,29,E484D,3,163387.9
20,30,E484D,3,168472.1
20,31,E484D,3,209762.8
20,32,E484D,3,384770
20,33,E484D,3,361185
20,34,E484D,3,337626
20,35,E484D,3,321611
20,36,E484D,3,309765.6
20,37,E484D,3,308069.8
20,38,E484D,3,293799.6
20,39,E484D,3,129654.7
20,40,E484D,3,120018.8
20,41,E484D,3,112938.6
20,42,E484D,3,104527.7
20,43,E484D,3,95808.82
20,44,E484D,3,86367.67
20,45,E484D,3,75858.01
20,46,E484D,3,73378.45
20,47,E484D,3,74904.34
20,48,E484D,3,77375.98
20,49,E484D,3,79289.11
20,50,E484D,3,76664.77
20,51,E484D,3,78184.06
20,52,E484D,3,66240.08
20,53,E484D,3,75031.59
20,54,E484D,3,78845.23
20,55,E484D,3,74843.89
20,56,E484D,3,72040.79
20,57,E484D,3,75223.9
20,58,E484D,3,87525.03
20,59,E484D,3,67905.46
20,60,E484D,3,61193.86
20,61,E484D,3,72593.45
20,62,E484D,3,66936.55
20,63,E484D,3,61563.96
20,64,E484D,3,60165.06
20,65,E484D,3,59486.02
20,66,E484D,3,53734.48
20,67,E484D,3,43894.48
20,68,E484D,3,44064.59
20,69,E484D,3,46289.69
20,70,E484D,3,45676.55
20,71,E484D,3,44819.29
20,72,E484D,3,55741.13
20,73,E484D,3,47483.76
20,74,E484D,3,57174.11
20,75,E484D,3,59676.7
20,76,E484D,3,49372.5
20,77,E484D,3,49000.55
20,78,E484D,3,48759.49
20,79,E484D,3,51620.77
20,80,E484D,3,51788.64
20,81,E484D,3,52725.65
20,82,E484D,3,56095.8
20,83,E484D,3,57551.15
20,84,E484D,3,59281.89
20,85,E484D,3,61766.02
20,86,E484D,3,62922.23
20,87,E484D,3,65194.36
20,88,E484D,3,64633.82
20,89,E484D,3,66725.27
20,90,E484D,3,68373.03
20,91,E484D,3,70882.62
20,92,E484D,3,71856.16
20,93,E484D,3,74776.57
20,94,E484D,3,85331.83
20,95,E484D,3,88303.41
20,96,E484D,3,78295.52
20,97,E484D,3,79486.29
20,0,E484K/R685S,1,44948.63
20,1,E484K/R685S,1,42590.85
20,2,E484K/R685S,1,38853.47
20,3,E484K/R685S,1,37131.17
20,4,E484K/R685S,1,29700.32
20,5,E484K/R685S,1,29261.13
20,6,E484K/R685S,1,28281.05
20,7,E484K/R685S,1,28107.35
20,8,E484K/R685S,1,30424.8
20,9,E484K/R685S,1,32458.95
20,10,E484K/R685S,1,31520.38
20,11,E484K/R685S,1,40741.56
20,12,E484K/R685S,1,61598.44
20,13,E484K/R685S,1,76354.98
20,14,E484K/R685S,1,69674
20,15,E484K/R685S,1,70527.27
20,16,E484K/R685S,1,70745.15
20,17,E484K/R685S,1,65628.11
20,18,E484K/R685S,1,70747.56
20,19,E484K/R685S,1,60448.91
20,20,E484K/R685S,1,58986.7
20,21,E484K/R685S,1,55606.92
20,22,E484K/R685S,1,57449.28
20,23,E484K/R685S,1,53036.67
20,24,E484K/R685S,1,53183.37
20,25,E484K/R685S,1,50595.55
20,26,E484K/R685S,1,51927.34
20,27,E484K/R685S,1,49686.11
20,28,E484K/R685S,1,50474.88
20,29,E484K/R685S,1,47744.55
20,30,E484K/R685S,1,45396.06
20,31,E484K/R685S,1,45207.59
20,32,E484K/R685S,1,25002.69
20,33,E484K/R685S,1,23089.78
20,34,E484K/R685S,1,24726.52
20,35,E484K/R685S,1,24622.59
20,36,E484K/R685S,1,25097.75
20,37,E484K/R685S,1,24695.68
20,38,E484K/R685S,1,24964.47
20,39,E484K/R685S,1,23671.41
20,40,E484K/R685S,1,23563.53
20,41,E484K/R685S,1,23014
20,42,E484K/R685S,1,24392.78
20,43,E484K/R685S,1,24450.07
20,44,E484K/R685S,1,24505.48
20,45,E484K/R685S,1,24496.06
20,46,E484K/R685S,1,24731.54
20,47,E484K/R685S,1,25553.81
20,48,E484K/R685S,1,27554.72
20,49,E484K/R685S,1,27438.65
20,50,E484K/R685S,1,26413.55
20,51,E484K/R685S,1,27499.96
20,52,E484K/R685S,1,31830.75
20,53,E484K/R685S,1,36511.71
20,54,E484K/R685S,1,34628.07
20,55,E484K/R685S,1,31484.2
20,56,E484K/R685S,1,36749.58
20,57,E484K/R685S,1,35193.53
20,58,E484K/R685S,1,32063.04
20,59,E484K/R685S,1,35873.84
20,60,E484K/R685S,1,39288.04
20,61,E484K/R685S,1,38040.34
20,62,E484K/R685S,1,38217.65
20,63,E484K/R685S,1,33569.31
20,64,E484K/R685S,1,40033.36
20,65,E484K/R685S,1,44036.5
20,66,E484K/R685S,1,41382.6
20,67,E484K/R685S,1,42110.07
20,68,E484K/R685S,1,44382.6
20,69,E484K/R685S,1,40606.15
20,70,E484K/R685S,1,47698.97
20,71,E484K/R685S,1,42628.1
20,72,E484K/R685S,1,45355.07
20,73,E484K/R685S,1,42902.02
20,74,E484K/R685S,1,45668.78
20,75,E484K/R685S,1,34567.02
20,76,E484K/R685S,1,43713.83
20,77,E484K/R685S,1,38687.52
20,78,E484K/R685S,1,43191.42
20,79,E484K/R685S,1,43685.55
20,80,E484K/R685S,1,35427.82
20,81,E484K/R685S,1,47854.39
20,82,E484K/R685S,1,47959.8
20,83,E484K/R685S,1,51984.86
20,84,E484K/R685S,1,48860.45
20,85,E484K/R685S,1,56067.21
20,86,E484K/R685S,1,56723.89
20,87,E484K/R685S,1,58921.57
20,88,E484K/R685S,1,50360.99
20,89,E484K/R685S,1,54605.32
20,90,E484K/R685S,1,67267.66
20,91,E484K/R685S,1,71815.7
20,92,E484K/R685S,1,65558.56
20,93,E484K/R685S,1,70141.66
20,94,E484K/R685S,1,70307.59
20,95,E484K/R685S,1,83351.99
20,96,E484K/R685S,1,74207.05
20,97,E484K/R685S,1,73041.45
20,0,E484K/R685S,2,19458.85
20,1,E484K/R685S,2,14477.3
20,2,E484K/R685S,2,13777.52
20,3,E484K/R685S,2,13446.87
20,4,E484K/R685S,2,12294.14
20,5,E484K/R685S,2,12343.21
20,6,E484K/R685S,2,9579.855
20,7,E484K/R685S,2,18570.21
20,8,E484K/R685S,2,29228.28
20,9,E484K/R685S,2,41935.93
20,10,E484K/R685S,2,57798.25
20,11,E484K/R685S,2,50448.21
20,12,E484K/R685S,2,49470.01
20,13,E484K/R685S,2,49691.63
20,14,E484K/R685S,2,50317.68
20,15,E484K/R685S,2,47227.56
20,16,E484K/R685S,2,46945.73
20,17,E484K/R685S,2,47990.3
20,18,E484K/R685S,2,48377.43
20,19,E484K/R685S,2,45560.36
20,20,E484K/R685S,2,45877.35
20,21,E484K/R685S,2,43561.31
20,22,E484K/R685S,2,42530.43
20,23,E484K/R685S,2,43532.35
20,24,E484K/R685S,2,43811.23
20,25,E484K/R685S,2,46732.57
20,26,E484K/R685S,2,45601.54
20,27,E484K/R685S,2,43394.66
20,28,E484K/R685S,2,40201.54
20,29,E484K/R685S,2,40577.39
20,30,E484K/R685S,2,45774
20,31,E484K/R685S,2,42473.7
20,32,E484K/R685S,2,42883.09
20,33,E484K/R685S,2,46267.64
20,34,E484K/R685S,2,45617.2
20,35,E484K/R685S,2,44433.02
20,36,E484K/R685S,2,13765.3
20,37,E484K/R685S,2,12631.28
20,38,E484K/R685S,2,14106.53
20,39,E484K/R685S,2,13670.66
20,40,E484K/R685S,2,14198.67
20,41,E484K/R685S,2,14636.11
20,42,E484K/R685S,2,13945.09
20,43,E484K/R685S,2,15365.5
20,44,E484K/R685S,2,15503.27
20,45,E484K/R685S,2,16345.14
20,46,E484K/R685S,2,17378.96
20,47,E484K/R685S,2,18420.31
20,48,E484K/R685S,2,19402.7
20,49,E484K/R685S,2,18488.34
20,50,E484K/R685S,2,19513.41
20,51,E484K/R685S,2,20265.59
20,52,E484K/R685S,2,20785.04
20,53,E484K/R685S,2,20539.21
20,54,E484K/R685S,2,22386.97
20,55,E484K/R685S,2,21891.32
20,56,E484K/R685S,2,22567.84
20,57,E484K/R685S,2,22386.47
20,58,E484K/R685S,2,24815.64
20,59,E484K/R685S,2,24523.21
20,60,E484K/R685S,2,24868.54
20,61,E484K/R685S,2,24609.62
20,62,E484K/R685S,2,26751.43
20,63,E484K/R685S,2,27894.99
20,64,E484K/R685S,2,29907.51
20,65,E484K/R685S,2,29438.95
20,66,E484K/R685S,2,29916.32
20,67,E484K/R685S,2,30322.2
20,68,E484K/R685S,2,30699.25
20,69,E484K/R685S,2,32268.7
20,70,E484K/R685S,2,32916.98
20,71,E484K/R685S,2,34589.03
20,72,E484K/R685S,2,35991.25
20,73,E484K/R685S,2,35069.14
20,74,E484K/R685S,2,36264.46
20,75,E484K/R685S,2,36667.84
20,76,E484K/R685S,2,37462.39
20,77,E484K/R685S,2,37468.95
20,78,E484K/R685S,2,39290.73
20,79,E484K/R685S,2,40979.69
20,80,E484K/R685S,2,41613.85
20,81,E484K/R685S,2,44587.41
20,82,E484K/R685S,2,45254.62
20,83,E484K/R685S,2,46802.02
20,84,E484K/R685S,2,48647.54
20,85,E484K/R685S,2,48872.8
20,86,E484K/R685S,2,51328.79
20,87,E484K/R685S,2,53357.77
20,88,E484K/R685S,2,55458.25
20,89,E484K/R685S,2,56708.22
20,90,E484K/R685S,2,59431.72
20,91,E484K/R685S,2,60263.86
20,92,E484K/R685S,2,62066.72
20,93,E484K/R685S,2,64618.98
20,94,E484K/R685S,2,65382.54
20,95,E484K/R685S,2,74255.42
20,96,E484K/R685S,2,69018.98
20,97,E484K/R685S,2,67245.56
20,0,E484K/R685S,3,11813.18
20,1,E484K/R685S,3,8839.69
20,2,E484K/R685S,3,7647.26
20,3,E484K/R685S,3,7384.385
20,4,E484K/R685S,3,7066.333
20,5,E484K/R685S,3,7280.442
20,6,E484K/R685S,3,6731.116
20,7,E484K/R685S,3,5966.202
20,8,E484K/R685S,3,5852.537
20,9,E484K/R685S,3,6853.847
20,10,E484K/R685S,3,5391.615
20,11,E484K/R685S,3,5733.684
20,12,E484K/R685S,3,5007.624
20,13,E484K/R685S,3,5543.14
20,14,E484K/R685S,3,5430.287
20,15,E484K/R685S,3,5404.331
20,16,E484K/R685S,3,8761.27
20,17,E484K/R685S,3,14722.48
20,18,E484K/R685S,3,23019.91
20,19,E484K/R685S,3,4879.249
20,20,E484K/R685S,3,12793.24
20,21,E484K/R685S,3,10283.32
20,22,E484K/R685S,3,10296.87
20,23,E484K/R685S,3,10782.22
20,24,E484K/R685S,3,12950
20,25,E484K/R685S,3,5935.375
20,26,E484K/R685S,3,5151.395
20,27,E484K/R685S,3,5492.497
20,28,E484K/R685S,3,5257.775
20,29,E484K/R685S,3,4970.424
20,30,E484K/R685S,3,5271.417
20,31,E484K/R685S,3,4931.545
20,32,E484K/R685S,3,5304.382
20,33,E484K/R685S,3,5440.505
20,34,E484K/R685S,3,5612.121
20,35,E484K/R685S,3,5972.745
20,36,E484K/R685S,3,6382.09
20,37,E484K/R685S,3,6929.432
20,38,E484K/R685S,3,7083.384
20,39,E484K/R685S,3,7815.114
20,40,E484K/R685S,3,7710.758
20,41,E484K/R685S,3,8192.746
20,42,E484K/R685S,3,7627.423
20,43,E484K/R685S,3,8613.754
20,44,E484K/R685S,3,8877.267
20,45,E484K/R685S,3,8707.717
20,46,E484K/R685S,3,11024.14
20,47,E484K/R685S,3,11137.72
20,48,E484K/R685S,3,12002.68
20,49,E484K/R685S,3,11194.37
20,50,E484K/R685S,3,10718.37
20,51,E484K/R685S,3,11851.29
20,52,E484K/R685S,3,12152.53
20,53,E484K/R685S,3,13032.25
20,54,E484K/R685S,3,13877.91
20,55,E484K/R685S,3,13643.87
20,56,E484K/R685S,3,14020.31
20,57,E484K/R685S,3,13919.64
20,58,E484K/R685S,3,15032.26
20,59,E484K/R685S,3,16788.57
20,60,E484K/R685S,3,16945.84
20,61,E484K/R685S,3,17845.72
20,62,E484K/R685S,3,19326.84
20,63,E484K/R685S,3,20352.37
20,64,E484K/R685S,3,21446.1
20,65,E484K/R685S,3,21018.31
20,66,E484K/R685S,3,22560.78
20,67,E484K/R685S,3,23553.8
20,68,E484K/R685S,3,23525.41
20,69,E484K/R685S,3,24464.4
20,70,E484K/R685S,3,25298.97
20,71,E484K/R685S,3,25166.27
20,72,E484K/R685S,3,25881.26
20,73,E484K/R685S,3,27221.2
20,74,E484K/R685S,3,27295.08
20,75,E484K/R685S,3,29248.08
20,76,E484K/R685S,3,28543.1
20,77,E484K/R685S,3,29157.38
20,78,E484K/R685S,3,30279.56
20,79,E484K/R685S,3,30209.44
20,80,E484K/R685S,3,31517.79
20,81,E484K/R685S,3,32935.88
20,82,E484K/R685S,3,35101.93
20,83,E484K/R685S,3,35872.32
20,84,E484K/R685S,3,36679.96
20,85,E484K/R685S,3,38684.35
20,86,E484K/R685S,3,40554.55
20,87,E484K/R685S,3,41923.46
20,88,E484K/R685S,3,45152.4
20,89,E484K/R685S,3,46282.04
20,90,E484K/R685S,3,47624.6
20,91,E484K/R685S,3,50013.75
20,92,E484K/R685S,3,52945.07
20,93,E484K/R685S,3,52546.02
20,94,E484K/R685S,3,53809.13
20,95,E484K/R685S,3,55746.25
20,96,E484K/R685S,3,57963.5
20,97,E484K/R685S,3,58183.28